Date;Price;Open;High;Low;Vol;Change %
Mar 29. 2022;47818.00;47126.00;48127.00;47087.00;51467M;1.51%
Mar 28. 2022;47105.00;46859.00;48199.00;46672.00;61027M;0.52%
Mar 27. 2022;46859.00;44542.00;46947.00;44445.00;38879M;5.19%
Mar 26. 2022;44548.00;44331.00;44818.00;44090.00;19630M;0.49%
Mar 25. 2022;44331.00;44013.00;45112.00;43622.00;49409M;0.72%
Mar 24. 2022;44013.00;42911.00;44251.00;42658.00;49166M;2.57%
Mar 23. 2022;42912.00;42373.00;43027.00;41795.00;43396M;1.27%
Mar 22. 2022;42373.00;41022.00;43327.90;40893.00;53706M;3.29%
Mar 21. 2022;41022.00;41282.00;41532.00;40530.00;40662M;-0.62%
Mar 20. 2022;41276.00;42241.00;42301.00;40922.00;30845M;-2.27%
Mar 19. 2022;42233.00;41768.00;42386.00;41529.60;22459M;1.11%
Mar 18. 2022;41767.80;40914.60;42308.40;40234.80;231B;2.08%
Mar 17. 2022;40914.80;41118.70;41406.00;40557.80;190B;-0.50%
Mar 16. 2022;41118.70;39282.50;41701.60;38953.20;447B;4.67%
Mar 15. 2022;39285.70;39673.00;39854.70;38220.90;225B;-0.97%
Mar 14. 2022;39671.10;37789.50;39914.30;37613.60;233B;4.97%
Mar 13. 2022;37792.40;38813.20;39272.30;37603.40;155B;-2.63%
Mar 12. 2022;38814.30;38730.20;39355.30;38666.50;111B;0.22%
Mar 11. 2022;38730.20;39422.50;40177.00;38236.40;279B;-1.74%
Mar 10. 2022;39416.30;41933.90;42029.10;38603.50;362B;-5.99%
Mar 09. 2022;41929.00;38731.50;42538.50;38663.30;360B;8.22%
Mar 08. 2022;38744.80;38020.60;39351.50;37886.60;267B;1.89%
Mar 07. 2022;38024.80;38420.60;39532.00;37182.10;302B;-0.99%
Mar 06. 2022;38403.10;39396.30;39668.10;38115.00;193B;-2.52%
Mar 05. 2022;39395.80;39142.80;39600.20;38626.10;150B;0.65%
Mar 04. 2022;39142.70;42463.00;42848.70;38594.90;321B;-7.82%
Mar 03. 2022;42463.00;43912.80;44077.20;41840.80;7411K;-3.30%
Mar 02. 2022;43912.80;44420.30;45294.20;43361.30;8082K;-1.14%
Mar 01. 2022;44420.30;43187.20;44900.50;42876.60;9067K;2.85%
Feb 28. 2022;43188.20;37707.20;43977.80;37458.90;10807K;14.59%
Feb 27. 2022;37689.10;39116.60;39838.50;37062.30;6614K;-3.65%
Feb 26. 2022;39115.50;39221.60;40094.50;38639.10;4155K;-0.24%
Feb 25. 2022;39209.60;38339.20;39683.70;38042.60;8378K;2.27%
Feb 24. 2022;38339.20;37250.20;39351.60;34357.40;18047K;2.99%
Feb 23. 2022;37224.60;38248.20;39194.50;37099.50;6484K;-2.68%
Feb 22. 2022;38248.20;37018.30;38414.90;36399.60;8275K;3.32%
Feb 21. 2022;37017.70;38355.00;39444.10;36868.90;9182K;-3.49%
Feb 20. 2022;38355.00;40089.60;40120.30;38042.20;4792K;-4.33%
Feb 19. 2022;40090.30;40000.10;40434.30;39666.60;2578K;0.23%
Feb 18. 2022;40000.10;40532.50;40935.50;39505.00;6496K;-1.36%
Feb 17. 2022;40552.80;43885.50;44167.10;40103.80;7263K;-7.59%
Feb 16. 2022;43883.60;44540.90;44552.90;43377.60;4140K;-1.48%
Feb 15. 2022;44544.40;42550.30;44722.60;42460.10;5634K;4.69%
Feb 14. 2022;42550.30;42061.10;42799.70;41591.30;5360K;1.16%
Feb 13. 2022;42061.10;42205.50;42725.10;41880.10;2588K;-0.34%
Feb 12. 2022;42205.20;42388.40;43006.40;41776.80;3788K;-0.43%
Feb 11. 2022;42388.40;43519.30;43915.10;42023.40;6995K;-2.60%
Feb 10. 2022;43521.00;44388.90;45755.20;43242.50;8969K;-1.96%
Feb 09. 2022;44388.90;44038.20;44800.40;43163.00;5092K;0.80%
Feb 08. 2022;44038.20;43833.90;45399.80;42705.00;9288K;0.47%
Feb 07. 2022;43833.90;42385.20;44468.30;41695.40;7660K;3.40%
Feb 06. 2022;42392.20;41411.90;42614.80;41176.30;3120K;2.37%
Feb 05. 2022;41412.10;41566.50;41899.80;40963.30;4632K;-0.37%
Feb 04. 2022;41567.60;37287.80;41689.00;37041.10;9549K;11.48%
Feb 03. 2022;37287.80;36890.20;37304.30;36297.30;5035K;1.08%
Feb 02. 2022;36890.20;38711.20;38853.80;36682.30;5374K;-4.70%
Feb 01. 2022;38709.70;38475.60;39230.00;38037.90;5520K;0.55%
Jan 31. 2022;38498.60;37923.80;38701.40;36672.80;6127K;1.53%
Jan 30. 2022;37917.70;38167.50;38313.30;37390.60;3410K;-0.66%
Jan 29. 2022;38170.80;37736.50;38663.70;37350.20;4277K;1.13%
Jan 28. 2022;37745.10;37195.60;37995.90;36176.50;6945K;1.56%
Jan 27. 2022;37164.30;36800.10;37215.40;35543.20;8352K;0.99%
Jan 26. 2022;36800.40;36962.30;38862.60;36280.00;10787K;-0.41%
Jan 25. 2022;36950.60;36691.30;37501.80;35729.30;7968K;0.72%
Jan 24. 2022;36686.30;36268.60;37424.00;32985.60;15377K;1.15%
Jan 23. 2022;36269.50;35072.90;36513.00;34655.20;7043K;3.40%
Jan 22. 2022;35075.20;36467.70;36749.80;34116.00;13809K;-3.84%
Jan 21. 2022;36475.50;40698.10;41104.60;35503.90;15580K;-10.41%
Jan 20. 2022;40715.90;41683.60;43487.10;40568.30;6528K;-2.31%
Jan 19. 2022;41677.80;42365.30;42558.00;41160.90;5377K;-1.62%
Jan 18. 2022;42364.60;42209.90;42674.20;41300.70;4732K;0.37%
Jan 17. 2022;42209.30;43080.50;43179.60;41559.40;4144K;-2.02%
Jan 16. 2022;43079.10;43079.20;43462.00;42643.30;2866K;-0.04%
Jan 15. 2022;43097.00;43073.60;43777.90;42586.10;3144K;0.06%
Jan 14. 2022;43073.30;42562.20;43435.10;41848.70;5050K;1.21%
Jan 13. 2022;42560.00;43900.00;44404.70;42337.50;5342K;-3.05%
Jan 12. 2022;43901.00;42735.00;44243.60;42476.70;5395K;2.73%
Jan 11. 2022;42733.20;41829.10;43090.20;41287.60;6178K;2.15%
Jan 10. 2022;41832.20;41848.90;42243.80;39697.00;8550K;-0.04%
Jan 09. 2022;41848.30;41681.20;42764.40;41260.90;3751K;0.42%
Jan 08. 2022;41672.00;41551.30;42304.40;40574.30;5254K;0.30%
Jan 07. 2022;41546.70;43097.90;43127.70;40810.00;8836K;-3.60%
Jan 06. 2022;43097.50;43431.60;43772.30;42481.10;6308K;-0.76%
Jan 05. 2022;43425.90;45833.10;47019.40;42535.10;8374K;-5.26%
Jan 04. 2022;45837.30;46435.70;47505.40;45602.10;5559K;-1.28%
Jan 03. 2022;46430.20;47293.90;47556.00;45704.00;4106K;-1.86%
Jan 02. 2022;47311.80;47738.70;47944.90;46718.20;2702K;-0.89%
Jan 01. 2022;47738.00;46217.50;47917.60;46217.50;3124K;3.29%
Dec 31. 2021;46219.50;47123.30;48553.90;45693.60;5818K;-1.92%
Dec 30. 2021;47123.30;46470.70;47901.40;46003.00;6096K;1.42%
Dec 29. 2021;46461.70;47548.40;48121.70;46127.80;6392K;-2.28%
Dec 28. 2021;47545.20;50703.40;50703.80;47345.70;7439K;-6.18%
Dec 27. 2021;50678.20;50783.60;52016.30;50459.00;4390K;-0.20%
Dec 26. 2021;50779.90;50404.00;51247.00;49527.00;3234K;0.74%
Dec 25. 2021;50406.40;50789.60;51140.20;50196.80;2667K;-0.75%
Dec 24. 2021;50786.10;50807.40;51795.30;50428.40;4597K;-0.03%
Dec 23. 2021;50801.00;48599.60;51355.60;48053.40;5624K;4.53%
Dec 22. 2021;48599.70;48898.70;49540.30;48449.70;4089K;-0.62%
Dec 21. 2021;48902.00;46900.10;49306.10;46654.00;5788K;4.28%
Dec 20. 2021;46895.20;46703.40;47488.90;45577.30;5753K;0.41%
Dec 19. 2021;46704.50;46855.70;48270.20;46438.40;4405K;-0.32%
Dec 18. 2021;46856.20;46171.80;47330.20;45513.40;3693K;1.48%
Dec 17. 2021;46172.20;47630.40;47997.20;45523.80;6750K;-3.06%
Dec 16. 2021;47628.20;48876.60;49387.80;47543.90;4820K;-2.54%
Dec 15. 2021;48871.50;48366.20;49477.90;46572.60;8028K;1.04%
Dec 14. 2021;48366.50;46709.80;48635.00;46338.30;6254K;3.56%
Dec 13. 2021;46703.60;50075.90;50196.10;45848.20;8037K;-6.74%
Dec 12. 2021;50081.00;49332.50;50779.20;48670.50;4030K;1.55%
Dec 11. 2021;49314.50;47138.40;49487.00;46834.00;4523K;4.62%
Dec 10. 2021;47137.20;47591.70;49974.80;47007.10;6806K;-0.97%
Dec 09. 2021;47596.60;50477.60;50790.20;47341.90;5869K;-5.70%
Dec 08. 2021;50473.90;50596.60;51204.70;48700.70;5559K;-0.24%
Dec 07. 2021;50595.20;50547.40;51918.60;50070.90;5629K;0.07%
Dec 06. 2021;50562.10;49412.10;50913.30;47237.90;8968K;2.34%
Dec 05. 2021;49405.50;49196.40;49689.30;47797.80;7203K;0.43%
Dec 04. 2021;49195.20;53620.70;53847.20;42587.80;16800K;-8.27%
Dec 03. 2021;53631.50;56495.20;57543.60;52008.90;8920K;-5.07%
Dec 02. 2021;56496.00;57207.80;57377.50;55807.90;5494K;-1.25%
Dec 01. 2021;57210.30;56891.70;59064.30;56496.50;6675K;0.58%
Nov 30. 2021;56882.90;57795.20;59174.40;55936.90;7366K;-1.58%
Nov 29. 2021;57794.80;57288.10;58855.20;56726.70;5865K;0.88%
Nov 28. 2021;57291.50;54758.00;57392.30;53448.30;4928K;4.61%
Nov 27. 2021;54765.90;53747.20;55280.30;53654.30;4071K;1.93%
Nov 26. 2021;53730.90;58937.30;59151.10;53533.50;10403K;-8.83%
Nov 25. 2021;58935.10;57167.10;59387.30;57029.80;5679K;3.08%
Nov 24. 2021;57171.70;57559.40;57697.40;55910.60;5668K;-0.70%
Nov 23. 2021;57573.20;56304.80;57855.10;55542.50;7248K;2.25%
Nov 22. 2021;56308.80;58719.70;59288.30;55656.80;7645K;-4.10%
Nov 21. 2021;58714.30;59724.00;60002.60;58528.30;4098K;-1.68%
Nov 20. 2021;59717.60;58080.80;59854.60;57435.30;4453K;2.81%
Nov 19. 2021;58083.40;56908.30;58335.90;55626.30;7444K;1.98%
Nov 18. 2021;56955.30;60368.20;60936.90;56524.40;10037K;-5.65%
Nov 17. 2021;60367.80;60074.20;60814.50;58531.90;7393K;0.46%
Nov 16. 2021;60089.10;63605.10;63605.60;58655.90;11536K;-5.52%
Nov 15. 2021;63597.90;65514.90;66311.20;63439.50;5353K;-2.92%
Nov 14. 2021;65508.20;64397.20;65508.20;63608.30;3398K;1.72%
Nov 13. 2021;64398.60;64133.30;64906.00;63381.40;3034K;0.41%
Nov 12. 2021;64134.50;64782.60;65449.70;62309.70;6327K;-1.04%
Nov 11. 2021;64806.70;64922.80;65583.30;64121.90;5037K;-0.19%
Nov 10. 2021;64932.60;66942.60;68990.60;62951.30;9621K;-2.95%
Nov 09. 2021;66904.40;67528.70;68493.30;66334.90;6613K;-0.92%
Nov 08. 2021;67527.90;63276.40;67763.30;63276.40;8108K;6.72%
Nov 07. 2021;63273.20;61483.80;63273.20;61347.20;3434K;2.91%
Nov 06. 2021;61483.90;60973.20;61543.20;60093.60;3489K;0.84%
Nov 05. 2021;60974.30;61411.50;62560.30;60742.40;4446K;-0.71%
Nov 04. 2021;61412.60;62915.40;63077.60;60742.90;4991K;-2.39%
Nov 03. 2021;62918.50;63223.50;63508.60;60883.00;6105K;-0.48%
Nov 02. 2021;63221.70;60912.20;64256.40;60651.50;6526K;3.79%
Nov 01. 2021;60915.30;61310.10;62430.10;59612.70;6121K;-0.64%
Oct 31. 2021;61309.60;61842.20;62393.70;60005.70;5006K;-0.86%
Oct 30. 2021;61840.10;62245.00;62338.50;60786.00;4051K;-0.65%
Oct 29. 2021;62242.80;60579.90;62952.20;60322.20;6339K;2.74%
Oct 28. 2021;60582.50;58437.20;62251.30;58128.10;8847K;3.67%
Oct 27. 2021;58438.10;60312.50;61452.90;58112.60;8811K;-3.11%
Oct 26. 2021;60310.80;63067.50;63275.10;59907.30;5713K;-4.37%
Oct 25. 2021;63067.00;60864.30;63694.80;60655.80;5106K;3.62%
Oct 24. 2021;60866.50;61308.20;61469.90;59523.70;4267K;-0.73%
Oct 23. 2021;61312.50;60693.20;61728.70;59738.30;3705K;1.03%
Oct 22. 2021;60690.30;62200.80;63699.70;60055.70;7569K;-2.44%
Oct 21. 2021;62210.20;66004.60;66616.90;62092.10;10538K;-5.71%
Oct 20. 2021;65979.10;64276.90;66967.10;63543.70;7987K;2.65%
Oct 19. 2021;64278.50;62030.20;64454.00;61451.00;8016K;3.58%
Oct 18. 2021;62056.30;61525.80;62623.60;60026.90;8015K;0.86%
Oct 17. 2021;61527.50;60865.50;61651.40;59143.40;5339K;1.09%
Oct 16. 2021;60861.10;61669.20;62329.20;60161.90;4993K;-1.32%
Oct 15. 2021;61672.50;57348.20;62892.80;56874.80;12148K;7.54%
Oct 14. 2021;57345.80;57370.40;58506.50;56866.80;5984K;-0.06%
Oct 13. 2021;57380.10;56014.50;57697.40;54314.40;7362K;2.44%
Oct 12. 2021;56015.90;57480.60;57635.70;54155.40;7485K;-2.54%
Oct 11. 2021;57477.30;54686.90;57814.10;54457.80;7384K;5.10%
Oct 10. 2021;54687.70;54942.50;56432.20;54100.80;10443K;-0.46%
Oct 09. 2021;54942.50;53924.10;55430.80;53711.70;6465K;1.91%
Oct 08. 2021;53914.70;53785.50;55977.90;53659.30;6405K;0.24%
Oct 07. 2021;53783.90;55325.20;55325.60;53476.40;7568K;-2.78%
Oct 06. 2021;55323.20;51470.00;55676.10;50439.50;11626K;7.49%
Oct 05. 2021;51469.30;49229.50;51872.40;49060.10;7663K;4.55%
Oct 04. 2021;49227.30;48200.40;49481.70;46958.60;6692K;2.13%
Oct 03. 2021;48200.10;47665.40;49165.20;47123.00;4241K;1.12%
Oct 02. 2021;47666.90;48147.20;48306.90;47451.70;3982K;-1.00%
Oct 01. 2021;48146.00;43824.40;48435.20;43292.90;9466K;9.86%
Sep 30. 2021;43823.30;41534.50;44101.20;41416.70;6432K;5.50%
Sep 29. 2021;41536.80;41023.10;42571.20;40815.00;4821K;1.25%
Sep 28. 2021;41022.30;42169.90;42758.80;40906.40;6001K;-2.73%
Sep 27. 2021;42172.60;43200.90;44293.20;42143.90;5412K;-2.39%
Sep 26. 2021;43203.40;42685.80;43907.30;40786.60;6991K;1.21%
Sep 25. 2021;42686.80;42818.70;42959.30;41714.50;4635K;-0.31%
Sep 24. 2021;42819.90;44867.40;45112.00;40908.50;12888K;-4.57%
Sep 23. 2021;44869.20;43550.70;44949.80;43090.10;7454K;3.03%
Sep 22. 2021;43551.60;40660.80;43976.70;40585.70;9398K;7.13%
Sep 21. 2021;40651.30;43012.30;43619.30;39646.80;14255K;-5.18%
Sep 20. 2021;42870.60;47240.80;47323.90;42547.10;7796K;-9.25%
Sep 19. 2021;47238.70;48299.90;48341.90;46866.60;4198K;-2.21%
Sep 18. 2021;48306.70;47283.90;48761.00;47070.50;4364K;2.17%
Sep 17. 2021;47282.80;47748.20;48155.90;46788.80;5016K;-0.97%
Sep 16. 2021;47748.00;48132.30;48480.60;47040.30;6091K;-0.80%
Sep 15. 2021;48130.60;47070.80;48436.50;46743.90;6340K;2.24%
Sep 14. 2021;47077.50;44950.20;47247.60;44718.70;6533K;4.73%
Sep 13. 2021;44949.50;46060.80;46807.70;43463.20;9615K;-2.42%
Sep 12. 2021;46062.30;45162.60;46386.40;44755.20;4452K;1.99%
Sep 11. 2021;45161.90;44844.90;45975.60;44766.60;4158K;0.71%
Sep 10. 2021;44842.80;46385.90;47021.60;44283.60;7562K;-3.33%
Sep 09. 2021;46385.60;46057.60;47305.70;45609.00;7363K;0.70%
Sep 08. 2021;46061.40;46774.10;47316.90;44493.70;10048K;-1.54%
Sep 07. 2021;46779.60;52674.20;52885.30;43072.40;18756K;-11.19%
Sep 06. 2021;52672.10;51769.40;52726.20;51002.80;6946K;1.75%
Sep 05. 2021;51768.60;49918.70;51878.20;49492.40;5730K;3.71%
Sep 04. 2021;49918.40;49999.30;50534.60;49461.40;4814K;-0.16%
Sep 03. 2021;49999.00;49269.50;51008.80;48377.30;8808K;1.47%
Sep 02. 2021;49274.30;48817.80;50355.30;48612.90;8021K;0.93%
Sep 01. 2021;48819.40;47129.20;49121.00;46533.10;7438K;3.58%
Aug 31. 2021;47130.40;46989.10;48217.00;46709.30;7148K;0.29%
Aug 30. 2021;46992.70;48777.10;48886.00;46876.90;6168K;-3.66%
Aug 29. 2021;48777.40;48899.70;49621.70;47870.10;4762K;-0.24%
Aug 28. 2021;48897.10;49062.80;49289.40;48428.50;3673K;-0.34%
Aug 27. 2021;49064.30;46830.20;49142.00;46371.50;6247K;4.77%
Aug 26. 2021;46831.60;48994.40;49347.80;46360.40;7379K;-4.41%
Aug 25. 2021;48994.50;47707.40;49230.20;47163.30;6354K;2.68%
Aug 24. 2021;47714.70;49532.50;49847.40;47623.60;7426K;-3.68%
Aug 23. 2021;49539.70;49255.40;50498.80;49038.60;7537K;0.58%
Aug 22. 2021;49254.50;48870.40;49480.30;48151.00;4932K;0.77%
Aug 21. 2021;48875.80;49330.00;49719.10;48293.50;1820K;-0.91%
Aug 20. 2021;49324.00;46756.70;49343.30;46646.80;8319K;5.49%
Aug 19. 2021;46755.90;44725.90;47012.30;43986.70;7792K;4.54%
Aug 18. 2021;44723.80;44691.10;46004.90;44230.00;2236K;0.07%
Aug 17. 2021;44691.60;45907.50;47140.60;44441.30;8414K;-2.84%
Aug 16. 2021;45996.30;46991.60;48002.40;45672.10;241K;-2.12%
Aug 15. 2021;46991.30;47082.60;47344.10;45564.10;5811K;-0.19%
Aug 14. 2021;47081.50;47809.60;48090.90;46117.20;6429K;-1.52%
Aug 13. 2021;47809.10;44404.00;47836.00;44242.40;7527K;7.67%
Aug 12. 2021;44403.40;45562.30;46213.80;43814.70;8107K;-2.55%
Aug 11. 2021;45564.30;45593.20;46736.50;45367.90;7543K;-0.06%
Aug 10. 2021;45593.80;46281.80;46663.40;44681.20;8055K;-1.49%
Aug 09. 2021;46284.30;43794.90;46460.70;42824.10;11708K;5.69%
Aug 08. 2021;43792.80;44584.90;45284.10;43314.40;10525K;-1.84%
Aug 07. 2021;44614.20;42784.70;44697.30;42611.00;11284K;4.25%
Aug 06. 2021;42795.40;40868.40;43253.40;39905.40;11193K;4.72%
Aug 05. 2021;40867.20;39734.40;41366.30;37365.40;13060K;2.84%
Aug 04. 2021;39736.90;38188.40;39956.50;37556.00;7922K;4.21%
Aug 03. 2021;38130.30;39167.40;39766.60;37688.20;026K;-2.65%
Aug 02. 2021;39168.40;39869.80;40449.00;38692.50;7481K;-1.78%
Aug 01. 2021;39878.30;41510.00;42565.00;39556.50;8033K;-4.03%
Jul 31. 2021;41553.70;42201.40;42285.30;41066.40;4465K;-1.54%
Jul 30. 2021;42203.40;40001.10;42264.40;38358.40;9845K;5.50%
Jul 29. 2021;40001.40;40009.00;40630.70;39340.80;7530K;0.00%
Jul 28. 2021;40003.20;39450.40;40862.20;38883.80;14892K;1.40%
Jul 27. 2021;39452.00;37294.30;39455.90;36427.40;10024K;5.84%
Jul 26. 2021;37276.60;35392.30;40522.90;35236.70;17763K;5.33%
Jul 25. 2021;35391.10;34392.50;35391.10;33881.30;6510K;4.63%
Jul 24. 2021;33824.80;33600.50;33955.00;33412.90;6714K;0.66%
Jul 23. 2021;33603.30;32297.90;33605.60;32041.10;6615K;4.04%
Jul 22. 2021;32298.90;32131.70;32585.40;31729.40;6487K;0.52%
Jul 21. 2021;32131.40;29794.70;32794.60;29519.30;11834K;7.85%
Jul 20. 2021;29793.80;30835.40;31040.80;29310.20;9746K;-3.38%
Jul 19. 2021;30837.20;31782.90;31887.00;30478.20;7748K;-2.98%
Jul 18. 2021;31785.40;31517.90;32408.20;31220.60;5701K;0.85%
Jul 17. 2021;31518.60;31384.40;31914.80;31207.80;5806K;0.40%
Jul 16. 2021;31394.00;31842.30;32239.80;31062.20;7048K;-1.40%
Jul 15. 2021;31840.50;32820.50;33157.00;31175.80;7695K;-2.99%
Jul 14. 2021;32820.70;32727.80;33051.90;31611.20;6956K;0.28%
Jul 13. 2021;32728.10;33106.10;33307.70;32259.50;6004K;-1.16%
Jul 12. 2021;33113.00;34228.30;34598.00;32662.80;6324K;-3.26%
Jul 11. 2021;34227.70;33510.80;34580.60;33319.80;3572K;2.14%
Jul 10. 2021;33510.60;33797.70;34221.00;33056.80;5094K;-0.85%
Jul 09. 2021;33797.40;32866.30;34079.20;32367.00;6714K;2.83%
Jul 08. 2021;32866.30;33859.40;33923.20;32146.90;10809K;-2.96%
Jul 07. 2021;33867.80;34228.70;35036.60;33801.30;7203K;-1.05%
Jul 06. 2021;34225.60;33688.50;35062.00;33581.70;8363K;1.60%
Jul 05. 2021;33687.80;35297.00;35300.50;33164.10;8836K;-4.56%
Jul 04. 2021;35298.20;34742.80;35957.60;34740.10;5613K;1.60%
Jul 03. 2021;34742.80;33814.20;34909.80;33363.30;5569K;2.75%
Jul 02. 2021;33813.40;33542.20;33925.90;32734.60;7893K;0.80%
Jul 01. 2021;33543.60;35030.70;35032.70;32839.20;2741K;-4.23%
Jun 30. 2021;35026.90;35832.60;36089.50;34126.60;10707K;-2.25%
Jun 29. 2021;35834.70;34477.30;36590.30;34247.60;9727K;3.94%
Jun 28. 2021;34475.90;34682.20;35231.20;33944.90;11200K;-0.58%
Jun 27. 2021;34678.50;32247.10;34685.50;32041.70;14880K;7.55%
Jun 26. 2021;32243.40;31592.10;32643.00;30206.90;15667K;2.06%
Jun 25. 2021;31594.00;34660.50;35490.90;31337.90;19343K;-8.86%
Jun 24. 2021;34665.80;33678.10;35249.90;32356.70;11925K;2.94%
Jun 23. 2021;33674.30;32498.30;34784.30;31736.50;17334K;3.62%
Jun 22. 2021;32496.40;31682.70;33272.50;28901.80;30965K;2.54%
Jun 21. 2021;31692.00;35597.90;35708.40;31284.10;25687K;-10.97%
Jun 20. 2021;35595.80;35510.90;36097.90;33378.00;13748K;0.23%
Jun 19. 2021;35513.40;35770.00;36357.30;34845.50;10546K;-0.66%
Jun 18. 2021;35749.40;38045.50;38166.00;35198.50;10284K;-6.05%
Jun 17. 2021;38052.00;38337.80;39529.90;37425.30;10958K;-0.74%
Jun 16. 2021;38336.00;40148.10;40494.40;38156.40;12352K;-4.53%
Jun 15. 2021;40156.10;40522.50;41318.00;39589.90;11755K;-0.92%
Jun 14. 2021;40529.40;39024.10;40970.40;38769.90;15735K;3.86%
Jun 13. 2021;39022.90;35467.50;39321.60;34827.00;12332K;10.02%
Jun 12. 2021;35467.50;37334.40;37437.30;34703.30;8773K;-4.95%
Jun 11. 2021;37314.60;36654.30;37641.10;36003.30;10915K;1.81%
Jun 10. 2021;36649.40;37375.20;38340.80;35824.00;15432K;-1.83%
Jun 09. 2021;37332.20;33385.50;37517.60;32428.60;20982K;11.83%
Jun 08. 2021;33382.90;33574.60;34047.80;31158.10;19354K;-0.58%
Jun 07. 2021;33578.00;35815.40;36754.60;33410.10;11950K;-6.25%
Jun 06. 2021;35815.40;35518.70;36434.00;35265.30;6220K;0.83%
Jun 05. 2021;35520.00;36841.20;37887.60;34832.00;10148K;-3.61%
Jun 04. 2021;36851.30;39191.40;39255.40;35659.90;12771K;-5.96%
Jun 03. 2021;39187.30;37555.70;39462.30;37193.60;10644K;4.34%
Jun 02. 2021;37555.80;36687.70;38199.90;35981.10;9689K;2.37%
Jun 01. 2021;36687.60;37294.30;37850.30;35742.70;11348K;-1.64%
May 31. 2021;37298.60;35644.00;37480.70;34213.20;13170K;4.62%
May 30. 2021;35652.80;34589.30;36388.60;33441.00;10418K;3.09%
May 29. 2021;34584.60;35664.50;37227.10;33664.20;16043K;-3.02%
May 28. 2021;35662.50;38543.20;38844.10;34772.40;19958K;-7.17%
May 27. 2021;38417.30;39249.00;40322.20;37190.80;12293K;-2.12%
May 26. 2021;39249.20;38375.70;40750.00;37847.00;15380K;2.27%
May 25. 2021;38378.30;38753.60;39740.80;36540.70;16301K;-0.96%
May 24. 2021;38750.60;34720.30;39851.70;34474.60;24488K;11.74%
May 23. 2021;34679.70;37446.80;38248.70;31192.40;32573K;-7.39%
May 22. 2021;37448.30;37291.00;38776.00;35314.90;18583K;0.40%
May 21. 2021;37297.40;40611.20;42108.30;33592.30;31550K;-8.40%
May 20. 2021;40717.20;36706.80;42425.90;35010.40;26975K;10.88%
May 19. 2021;36720.50;42898.30;43516.60;30261.70;60710K;-14.40%
May 18. 2021;42897.30;43538.50;45770.90;42293.90;15496K;-1.48%
May 17. 2021;43541.30;46424.20;46545.40;42201.50;27476K;-6.21%
May 16. 2021;46426.40;46729.30;49764.30;43920.80;18007K;-0.60%
May 15. 2021;46708.80;49839.10;50640.90;46650.20;13191K;-6.28%
May 14. 2021;49839.80;49704.90;51459.20;48874.00;11884K;0.27%
May 13. 2021;49704.60;49398.20;51337.30;46331.10;23671K;0.65%
May 12. 2021;49384.20;56694.50;57938.50;49187.00;16074K;-12.90%
May 11. 2021;56695.70;55846.10;56871.10;54550.40;9647K;1.52%
May 10. 2021;55848.90;58251.20;59523.90;53678.30;14261K;-4.10%
May 09. 2021;58238.30;58840.60;59227.00;56414.40;10359K;-1.02%
May 08. 2021;58840.10;57330.30;59471.10;56972.20;10127K;2.62%
May 07. 2021;57337.20;56411.40;58639.30;55300.10;11001K;1.65%
May 06. 2021;56405.40;57441.00;58364.90;55294.50;10902K;-1.80%
May 05. 2021;57441.30;53872.50;57936.40;53872.50;11982K;6.88%
May 04. 2021;53741.50;57170.60;57201.30;53741.50;13233K;-6.00%
May 03. 2021;57169.80;56605.80;58925.10;56562.40;8924K;1.00%
May 02. 2021;56603.80;57807.20;57868.40;56110.50;5361K;-2.08%
May 01. 2021;57807.10;57719.10;58449.40;57029.50;6341K;0.15%
Apr 30. 2021;57720.30;53562.30;57925.60;53088.70;10374K;7.77%
Apr 29. 2021;53560.80;54838.60;55173.70;52400.00;8390K;-2.34%
Apr 28. 2021;54841.40;55036.00;56419.90;53876.40;8696K;-0.35%
Apr 27. 2021;55036.50;54011.10;55427.80;53345.00;8408K;1.88%
Apr 26. 2021;54020.50;48963.50;54320.90;48815.90;12976K;10.33%
Apr 25. 2021;48963.60;50088.20;50532.40;47098.50;5920K;-2.25%
Apr 24. 2021;50088.90;51140.80;51183.00;48775.20;8225K;-2.06%
Apr 23. 2021;51143.60;51707.10;52099.90;47659.40;21446K;-1.13%
Apr 22. 2021;51729.50;53821.30;55408.40;50590.90;16813K;-3.88%
Apr 21. 2021;53820.20;56479.50;56764.40;53657.60;10026K;-4.71%
Apr 20. 2021;56483.20;55645.10;57054.90;53422.50;11549K;1.50%
Apr 19. 2021;55646.10;56208.10;57517.00;54272.30;11751K;-1.00%
Apr 18. 2021;56207.10;60043.20;60362.10;51817.60;21681K;-6.39%
Apr 17. 2021;60041.90;61358.30;62509.10;59672.10;8408K;-2.18%
Apr 16. 2021;61379.70;63211.60;63518.50;60027.30;13685K;-2.90%
Apr 15. 2021;63216.00;62978.60;63729.10;62067.50;7697K;0.37%
Apr 14. 2021;62980.40;63544.20;64778.00;61366.30;13043K;-0.88%
Apr 13. 2021;63540.90;59863.60;63659.00;59839.40;12656K;6.14%
Apr 12. 2021;59863.80;59982.10;61259.90;59569.20;8188K;-0.19%
Apr 11. 2021;59978.70;59772.40;60667.10;59250.30;5820K;0.39%
Apr 10. 2021;59748.40;58127.40;61229.00;57900.00;10372K;2.80%
Apr 09. 2021;58118.70;58076.80;58890.90;57686.00;5922K;0.07%
Apr 08. 2021;58077.40;55948.00;58136.70;55721.60;6478K;3.80%
Apr 07. 2021;55948.70;57996.30;58627.70;55489.30;11069K;-3.53%
Apr 06. 2021;57996.30;59169.00;59487.00;57403.30;7715K;-1.69%
Apr 05. 2021;58993.40;58202.30;59205.10;56842.70;5413K;1.36%
Apr 04. 2021;58199.90;57059.70;58464.80;56470.60;5721K;2.00%
Apr 03. 2021;57059.90;58976.80;59770.50;56906.70;6874K;-3.25%
Apr 02. 2021;58977.30;58718.20;60134.90;58466.50;7237K;0.44%
Apr 01. 2021;58718.30;58763.20;59406.50;58040.70;6904K;-0.08%
Mar 31. 2021;58763.70;58771.40;59795.60;56991.60;9806K;-0.01%
Mar 30. 2021;58771.30;57614.60;59366.90;57077.10;8621K;2.00%
Mar 29. 2021;57616.20;55764.70;58392.60;54951.10;10791K;3.32%
Mar 28. 2021;55765.20;55856.90;56504.20;54711.30;5871K;-0.17%
Mar 27. 2021;55862.90;55033.80;56531.10;54010.20;7387K;1.50%
Mar 26. 2021;55036.10;51317.40;55074.10;51302.00;10030K;7.24%
Mar 25. 2021;51322.30;52330.00;53175.40;50441.30;14335K;-1.92%
Mar 24. 2021;52325.40;54309.10;57169.40;51725.40;13791K;-3.91%
Mar 23. 2021;54452.50;54117.50;55813.80;52992.30;8484K;0.54%
Mar 22. 2021;54158.30;57379.30;58379.90;53784.20;9553K;-5.62%
Mar 21. 2021;57383.80;58097.40;58583.80;55583.30;7747K;-1.22%
Mar 20. 2021;58093.40;58084.10;59882.10;57863.00;6783K;0.01%
Mar 19. 2021;58088.00;57645.00;59448.30;56305.10;8398K;0.75%
Mar 18. 2021;57656.00;58911.80;60088.00;57099.60;10262K;-2.13%
Mar 17. 2021;58913.50;56892.90;58933.20;54253.20;11826K;3.56%
Mar 16. 2021;56889.70;55619.50;56889.70;53342.60;12851K;1.97%
Mar 15. 2021;55791.30;59117.40;60565.90;55088.80;11771K;-5.62%
Mar 14. 2021;59113.70;61192.70;61673.70;59113.70;8029K;-3.40%
Mar 13. 2021;61195.30;57267.40;61795.80;56118.80;13464K;6.86%
Mar 12. 2021;57265.10;57806.20;58052.30;55134.50;11696K;-0.92%
Mar 11. 2021;57799.50;55851.20;58135.00;54351.80;12963K;3.49%
Mar 10. 2021;55851.90;54882.70;57328.70;53073.60;14096K;1.77%
Mar 09. 2021;54879.00;52352.40;54880.60;51941.30;11406K;4.91%
Mar 08. 2021;52311.00;50988.90;52384.90;49338.10;6814K;2.61%
Mar 07. 2021;50982.30;48899.00;51434.10;48890.60;8291K;4.35%
Mar 06. 2021;48855.60;48798.70;49191.80;47132.80;6666K;0.13%
Mar 05. 2021;48792.50;48363.60;49429.40;46370.10;11364K;0.75%
Mar 04. 2021;48428.00;50388.00;51757.70;47521.80;956K;-3.90%
Mar 03. 2021;50395.10;48422.20;52567.90;48159.20;4493K;4.07%
Mar 02. 2021;48424.20;49595.60;50191.90;47100.60;10210K;-2.36%
Mar 01. 2021;49595.50;45160.50;49774.00;45008.80;13752K;9.81%
Feb 28. 2021;45164.00;46136.00;46582.00;43100.60;13508K;-2.11%
Feb 27. 2021;46136.70;46333.10;48335.10;45059.40;9875K;-0.45%
Feb 26. 2021;46345.60;46928.50;48413.90;44248.20;18941K;-1.24%
Feb 25. 2021;46928.50;49695.90;52013.80;46773.70;8322K;-5.57%
Feb 24. 2021;49697.50;48911.10;51311.80;47031.70;15375K;1.61%
Feb 23. 2021;48911.20;54114.10;54115.00;45093.80;31507K;-9.61%
Feb 22. 2021;54111.80;57437.60;57480.80;48353.80;24495K;-5.78%
Feb 21. 2021;57433.80;55907.60;58335.10;55502.70;8726K;2.70%
Feb 20. 2021;55923.70;55922.00;57523.80;54124.10;12785K;0.03%
Feb 19. 2021;55906.60;51590.10;56238.50;50816.80;13943K;8.38%
Feb 18. 2021;51582.20;52094.50;52524.00;50941.60;9435K;-0.95%
Feb 17. 2021;52079.20;49161.30;52577.70;49018.10;14003K;5.92%
Feb 16. 2021;49169.70;47934.20;50515.80;47044.40;14137K;2.57%
Feb 15. 2021;47936.30;48611.10;48936.50;45786.10;12318K;-1.45%
Feb 14. 2021;48643.40;47172.10;49695.10;47051.90;10650K;3.13%
Feb 13. 2021;47168.70;47373.10;48097.30;46270.50;8942K;-0.43%
Feb 12. 2021;47371.70;47995.00;48927.40;46218.60;13373K;-1.29%
Feb 11. 2021;47990.70;44834.80;48622.10;44041.10;14577K;7.04%
Feb 10. 2021;44836.00;46507.80;47295.30;43800.50;15183K;-3.60%
Feb 09. 2021;46508.60;46396.40;48143.50;45104.70;19387K;0.24%
Feb 08. 2021;46395.70;38853.60;46596.40;38057.00;24847K;19.41%
Feb 07. 2021;38852.90;39228.90;39691.70;37381.60;12537K;-1.03%
Feb 06. 2021;39256.60;38300.60;40939.70;38275.30;15602K;2.50%
Feb 05. 2021;38297.60;36976.40;38303.60;36640.00;10060K;3.56%
Feb 04. 2021;36982.10;37648.90;38707.90;36380.80;15144K;-1.77%
Feb 03. 2021;37646.80;35486.90;37646.80;35401.50;13103K;6.09%
Feb 02. 2021;35485.20;33514.00;35976.10;33462.40;12085K;5.88%
Feb 01. 2021;33515.70;33106.80;34685.60;32324.90;12632K;1.23%
Jan 31. 2021;33108.10;34281.60;34348.30;32189.90;10192K;-3.43%
Jan 30. 2021;34283.10;34300.00;34920.90;32908.50;12857K;-0.05%
Jan 29. 2021;34301.80;33381.70;38546.00;31953.30;29773K;2.78%
Jan 28. 2021;33374.80;30408.90;33790.80;29911.90;16739K;9.77%
Jan 27. 2021;30404.00;32499.60;32545.40;29290.40;19435K;-6.46%
Jan 26. 2021;32502.10;32244.10;32917.70;30850.00;13984K;0.77%
Jan 25. 2021;32252.30;32244.30;34854.30;31967.40;14243K;0.03%
Jan 24. 2021;32241.30;32088.50;33034.80;30982.90;8821K;0.47%
Jan 23. 2021;32088.90;32994.10;33441.40;31418.20;10070K;-2.76%
Jan 22. 2021;33000.50;30838.70;33821.20;28871.20;24309K;7.00%
Jan 21. 2021;30842.10;35472.30;35591.10;30101.80;25327K;-13.06%
Jan 20. 2021;35476.30;35862.10;36384.40;33444.50;15361K;-1.46%
Jan 19. 2021;36002.90;36630.60;37821.00;36001.40;7911K;-1.67%
Jan 18. 2021;36613.20;35838.20;37436.80;34801.00;11152K;2.16%
Jan 17. 2021;35839.60;36020.10;36801.30;33883.50;12682K;-0.50%
Jan 16. 2021;36019.50;36751.80;37931.70;35408.40;13702K;-2.24%
Jan 15. 2021;36845.80;39175.70;39715.00;34488.70;11842K;-5.95%
Jan 14. 2021;39175.70;37383.40;40054.30;36772.10;17240K;4.80%
Jan 13. 2021;37382.20;34061.20;37764.60;32451.90;20993K;9.70%
Jan 12. 2021;34076.10;35426.00;36598.70;32572.70;24193K;-4.13%
Jan 11. 2021;35544.30;38195.30;38217.20;30411.60;25104K;-6.93%
Jan 10. 2021;38192.20;40149.70;41362.40;35141.60;21578K;-4.88%
Jan 09. 2021;40151.90;40607.20;41363.50;38775.10;12842K;-1.10%
Jan 08. 2021;40599.30;39466.40;41921.70;36613.40;25129K;2.89%
Jan 07. 2021;39460.20;36798.50;40340.90;36361.20;24960K;7.25%
Jan 06. 2021;36793.20;33999.30;36934.80;33408.30;22756K;8.24%
Jan 05. 2021;33991.50;32015.40;34414.70;30010.50;20213K;6.15%
Jan 04. 2021;32022.60;33016.60;33587.50;28204.50;25527K;-2.84%
Jan 03. 2021;32958.90;32192.90;34755.90;32029.60;15521K;2.38%
Jan 02. 2021;32193.30;29359.70;33233.50;29008.00;24087K;9.65%
Jan 01. 2021;29359.90;28951.70;29627.10;28712.40;10090K;1.42%
Dec 31. 2020;28949.40;28866.80;29298.80;28025.00;13669K;0.28%
Dec 30. 2020;28868.70;27374.50;28979.30;27374.50;15982K;5.45%
Dec 29. 2020;27376.00;27065.30;27390.70;25902.80;11957K;1.18%
Dec 28. 2020;27057.80;26259.20;27444.90;26144.30;12698K;3.03%
Dec 27. 2020;26261.30;26460.30;28360.30;25858.20;23123K;-0.73%
Dec 26. 2020;26454.40;24714.70;26826.00;24515.10;15577K;7.15%
Dec 25. 2020;24689.60;23728.70;24778.90;23445.30;240K;4.02%
Dec 24. 2020;23736.50;23253.20;23783.70;22737.30;10459K;2.06%
Dec 23. 2020;23257.90;23820.80;24063.70;22694.70;17847K;-2.37%
Dec 22. 2020;23823.20;22730.40;23825.40;22388.60;13075K;4.82%
Dec 21. 2020;22728.50;23474.10;24101.90;22015.50;15469K;-3.18%
Dec 20. 2020;23474.90;23843.60;24280.90;23098.90;11409K;-1.55%
Dec 19. 2020;23844.00;23127.60;24107.10;22797.00;13388K;3.10%
Dec 18. 2020;23127.90;22823.30;23272.80;22361.50;13180K;1.33%
Dec 17. 2020;22825.40;21352.30;23738.00;21243.10;31074K;6.90%
Dec 16. 2020;21352.20;19434.70;21525.30;19299.70;19981K;9.87%
Dec 15. 2020;19434.90;19273.90;19556.30;19076.20;9839K;0.84%
Dec 14. 2020;19273.80;19176.40;19346.50;19007.00;6711K;0.51%
Dec 13. 2020;19176.80;18808.10;19403.60;18716.80;8245K;1.96%
Dec 12. 2020;18808.90;18026.70;18936.20;18025.10;7137K;4.36%
Dec 11. 2020;18023.60;18250.50;18288.30;17600.10;11153K;-1.23%
Dec 10. 2020;18247.20;18546.10;18551.80;17926.80;8531K;-1.61%
Dec 09. 2020;18546.00;18322.40;18637.90;17658.80;12972K;1.20%
Dec 08. 2020;18326.60;19170.80;19288.60;18229.20;10141K;-4.40%
Dec 07. 2020;19170.70;19368.40;19424.60;18908.80;6198K;-1.08%
Dec 06. 2020;19379.90;19146.00;19417.10;18873.00;5456K;1.22%
Dec 05. 2020;19146.50;18657.50;19172.70;18507.10;5944K;2.62%
Dec 04. 2020;18658.10;19431.10;19529.50;18610.80;11063K;-3.99%
Dec 03. 2020;19433.30;19219.80;19596.60;18883.70;9997K;1.12%
Dec 02. 2020;19218.80;18767.90;19335.50;18346.70;9192K;2.39%
Dec 01. 2020;18770.70;19697.80;19897.40;18257.00;20872K;-4.71%
Nov 30. 2020;19698.10;18186.00;19831.20;18186.00;18559K;8.32%
Nov 29. 2020;18185.50;17729.70;18336.30;17530.40;7912K;2.57%
Nov 28. 2020;17730.70;17142.60;17874.40;16874.40;9520K;3.52%
Nov 27. 2020;17127.10;17160.90;17450.30;16481.60;13880K;-0.20%
Nov 26. 2020;17162.00;18721.90;18894.90;16235.20;31207K;-8.34%
Nov 25. 2020;18723.00;19151.50;19486.70;18527.70;14612K;-2.24%
Nov 24. 2020;19152.60;18394.60;19416.60;18074.80;18079K;4.21%
Nov 23. 2020;18379.60;18428.10;18756.80;18016.00;12735K;-0.18%
Nov 22. 2020;18412.90;18689.30;18751.50;17644.60;12176K;-1.47%
Nov 21. 2020;18687.20;18673.80;18966.00;18397.50;10891K;0.06%
Nov 20. 2020;18675.20;17805.50;18811.00;17758.40;13442K;4.90%
Nov 19. 2020;17803.50;17775.10;18166.00;17380.10;13594K;0.16%
Nov 18. 2020;17774.60;17662.30;18466.10;17258.90;23343K;0.64%
Nov 17. 2020;17662.30;16715.80;17845.40;16562.00;17587K;5.66%
Nov 16. 2020;16715.80;15954.10;16880.70;15870.70;11809K;4.78%
Nov 15. 2020;15953.00;16074.70;16158.10;15782.30;5843K;-0.73%
Nov 14. 2020;16071.00;16323.10;16328.20;15717.70;8364K;-1.55%
Nov 13. 2020;16324.20;16293.00;16474.10;15973.40;11375K;0.18%
Nov 12. 2020;16294.70;15695.80;16342.70;15483.50;16554K;3.82%
Nov 11. 2020;15695.80;15303.10;15953.90;15281.00;11907K;2.56%
Nov 10. 2020;15303.60;15328.00;15465.30;15096.50;9336K;-0.15%
Nov 09. 2020;15327.20;15483.30;15819.60;14816.90;16504K;-1.01%
Nov 08. 2020;15483.70;14826.60;15648.30;14720.70;9499K;4.42%
Nov 07. 2020;14828.40;15578.20;15754.40;14385.10;16073K;-4.81%
Nov 06. 2020;15577.90;15593.90;15955.20;15223.50;18613K;-0.06%
Nov 05. 2020;15587.10;14145.60;15739.90;14099.70;22749K;10.19%
Nov 04. 2020;14145.60;14023.00;14238.80;13544.40;14080K;0.90%
Nov 03. 2020;14019.90;13560.50;14054.00;13294.60;10817K;3.38%
Nov 02. 2020;13561.40;13759.70;13828.40;13214.20;9776K;-1.44%
Nov 01. 2020;13759.40;13795.50;13889.50;13628.70;5171K;-0.27%
Oct 31. 2020;13797.30;13560.20;14065.40;13441.70;10275K;1.75%
Oct 30. 2020;13559.90;13457.00;13667.90;13134.50;10877K;0.76%
Oct 29. 2020;13457.20;13278.30;13640.00;12982.90;11123K;1.34%
Oct 28. 2020;13278.90;13658.30;13851.70;12907.60;14418K;-2.77%
Oct 27. 2020;13657.80;13061.50;13782.30;13050.30;12864K;4.56%
Oct 26. 2020;13061.60;13033.00;13229.70;12792.40;8947K;0.23%
Oct 25. 2020;13032.20;13117.00;13345.30;12900.40;5973K;-0.65%
Oct 24. 2020;13117.20;12933.60;13161.50;12876.40;5120K;1.42%
Oct 23. 2020;12934.10;12972.70;13025.50;12738.90;7394K;-0.31%
Oct 22. 2020;12974.60;12805.50;13183.90;12698.20;11331K;1.30%
Oct 21. 2020;12808.70;11913.60;13213.50;11894.60;19772K;7.51%
Oct 20. 2020;11913.50;11753.90;12029.40;11685.70;9459K;1.36%
Oct 19. 2020;11753.40;11507.10;11823.30;11413.90;7304K;2.14%
Oct 18. 2020;11506.90;11362.10;11506.90;11349.80;3151K;1.27%
Oct 17. 2020;11362.10;11321.80;11402.70;11274.40;2986K;0.35%
Oct 16. 2020;11322.00;11503.20;11542.20;11224.60;7142K;-1.57%
Oct 15. 2020;11503.00;11421.40;11590.90;11276.70;7084K;0.72%
Oct 14. 2020;11420.40;11424.40;11541.00;11293.50;5912K;-0.03%
Oct 13. 2020;11423.80;11533.50;11558.00;11315.90;6467K;-0.95%
Oct 12. 2020;11533.90;11370.80;11715.90;11227.40;8402K;1.43%
Oct 11. 2020;11371.00;11295.60;11439.40;11277.60;4106K;0.64%
Oct 10. 2020;11298.40;11053.50;11475.00;11053.10;6581K;2.21%
Oct 09. 2020;11054.20;10923.50;11103.00;10836.90;7095K;1.19%
Oct 08. 2020;10924.10;10670.70;10948.60;10549.60;7978K;2.37%
Oct 07. 2020;10670.90;10601.00;10680.10;10553.30;4927K;0.64%
Oct 06. 2020;10602.60;10790.20;10800.30;10530.80;6907K;-1.73%
Oct 05. 2020;10789.50;10672.50;10789.60;10623.40;4886K;1.09%
Oct 04. 2020;10672.90;10544.40;10693.30;10520.80;3140K;1.22%
Oct 03. 2020;10544.20;10572.20;10597.80;10501.20;2910K;-0.27%
Oct 02. 2020;10572.30;10619.60;10662.90;10387.60;7794K;-0.45%
Oct 01. 2020;10620.50;10776.60;10913.70;10462.70;9533K;-1.44%
Sep 30. 2020;10776.10;10843.40;10847.70;10667.60;5555K;-0.60%
Sep 29. 2020;10840.90;10694.30;10858.40;10642.40;5964K;1.38%
Sep 28. 2020;10693.20;10776.40;10946.60;10685.20;7229K;-0.77%
Sep 27. 2020;10776.20;10727.90;10799.20;10602.70;4092K;0.45%
Sep 26. 2020;10727.90;10688.90;10793.30;10650.20;3785K;0.37%
Sep 25. 2020;10688.80;10739.90;10756.00;10558.90;7143K;-0.47%
Sep 24. 2020;10739.40;10238.10;10787.80;10201.00;8295K;4.90%
Sep 23. 2020;10237.30;10531.50;10535.40;10146.60;7495K;-2.79%
Sep 22. 2020;10531.50;10419.40;10570.70;10361.70;6352K;1.10%
Sep 21. 2020;10416.80;10919.90;10987.20;10328.50;10985K;-4.62%
Sep 20. 2020;10921.50;11081.60;11081.60;10772.70;5339K;-1.45%
Sep 19. 2020;11081.80;10933.00;11177.10;10890.70;5163K;1.36%
Sep 18. 2020;10933.00;10941.30;11029.70;10818.70;6348K;-0.08%
Sep 17. 2020;10941.30;10950.10;11039.30;10755.20;7722K;-0.07%
Sep 16. 2020;10949.50;10785.20;11093.30;10669.20;9494K;1.52%
Sep 15. 2020;10785.30;10675.20;10931.80;10627.80;9170K;1.03%
Sep 14. 2020;10675.30;10332.70;10744.30;10264.50;9664K;3.38%
Sep 13. 2020;10326.00;10441.70;10579.60;10219.40;6612K;-1.11%
Sep 12. 2020;10441.90;10390.20;10476.80;10275.90;4849K;0.50%
Sep 11. 2020;10390.20;10339.80;10398.80;10212.60;6228K;0.49%
Sep 10. 2020;10339.70;10224.30;10480.30;10219.20;8801K;1.13%
Sep 09. 2020;10224.60;10126.80;10343.30;9984.60;7137K;0.97%
Sep 08. 2020;10126.60;10376.90;10434.40;9877.10;11390K;-2.41%
Sep 07. 2020;10376.90;10296.40;10400.90;9887.00;1240M;0.78%
Sep 06. 2020;10296.40;10092.20;10337.70;10004.70;1212M;2.02%
Sep 05. 2020;10092.20;10472.30;10558.70;9897.80;1472M;-3.63%
Sep 04. 2020;10472.50;10168.70;10614.20;9960.30;1250M;2.99%
Sep 03. 2020;10168.80;11413.20;11442.70;10009.50;965M;-10.90%
Sep 02. 2020;11413.30;11914.40;11947.50;11244.90;2026M;-4.21%
Sep 01. 2020;11914.90;11644.20;12045.90;11544.60;58069K;2.32%
Aug 31. 2020;11644.20;11701.10;11760.20;11563.80;49614K;-0.49%
Aug 30. 2020;11702.00;11468.10;11704.20;11462.60;40936K;2.04%
Aug 29. 2020;11468.10;11527.80;11576.80;11433.50;38985K;-0.51%
Aug 28. 2020;11527.40;11327.50;11539.00;11281.90;46494K;1.77%
Aug 27. 2020;11327.40;11462.30;11580.30;11135.30;56059K;-1.18%
Aug 26. 2020;11462.30;11324.90;11533.60;11254.60;51306K;1.21%
Aug 25. 2020;11324.80;11752.90;11766.90;11131.00;59407K;-3.65%
Aug 24. 2020;11753.50;11641.60;11824.60;11587.10;42913K;0.96%
Aug 23. 2020;11641.60;11661.10;11705.40;11520.80;37733K;-0.17%
Aug 22. 2020;11661.30;11529.20;11677.00;11382.10;43398K;1.15%
Aug 21. 2020;11529.20;11856.90;11877.40;11495.60;50638K;-2.76%
Aug 20. 2020;11856.90;11751.00;11881.00;11672.70;43093K;0.91%
Aug 19. 2020;11750.20;11944.40;12013.20;11602.60;55026K;-1.65%
Aug 18. 2020;11947.60;12283.00;12381.40;11842.00;60679K;-2.73%
Aug 17. 2020;12282.60;11898.80;12444.10;11764.00;62841K;3.22%
Aug 16. 2020;11899.00;11845.50;11922.50;11688.90;41081K;0.45%
Aug 15. 2020;11845.30;11751.10;11964.00;11711.50;49910K;0.80%
Aug 14. 2020;11750.80;11771.10;11835.50;11651.50;43544K;-0.17%
Aug 13. 2020;11770.90;11557.20;11772.90;11298.40;54567K;1.85%
Aug 12. 2020;11557.20;11390.40;11605.40;11190.60;54959K;1.46%
Aug 11. 2020;11390.40;11889.20;11931.80;11146.70;61590K;-4.19%
Aug 10. 2020;11889.20;11681.10;12041.10;11546.90;56411K;1.78%
Aug 09. 2020;11681.20;11764.40;11792.80;11527.50;30300K;-0.71%
Aug 08. 2020;11764.30;11591.60;11805.50;11533.50;31706K;1.49%
Aug 07. 2020;11592.00;11757.10;11901.80;11352.40;51700K;-1.40%
Aug 06. 2020;11757.10;11735.00;11898.40;11563.00;55485K;0.19%
Aug 05. 2020;11735.10;11184.80;11771.50;11114.50;57083K;4.92%
Aug 04. 2020;11184.70;11223.80;11407.80;11043.00;48579K;-0.35%
Aug 03. 2020;11224.40;11066.90;11461.10;10981.60;47024K;1.42%
Aug 02. 2020;11066.80;11802.60;12061.10;10730.70;64795K;-6.24%
Aug 01. 2020;11803.10;11333.20;11847.70;11226.10;61147K;4.14%
Jul 31. 2020;11333.40;11096.50;11434.80;10964.60;53095K;2.14%
Jul 30. 2020;11096.20;11105.80;11164.40;10861.60;50114K;-0.09%
Jul 29. 2020;11105.90;10908.40;11336.50;10771.80;57683K;1.81%
Jul 28. 2020;10908.50;10961.10;11046.10;10873.60;65837K;-1.04%
Jul 27. 2020;11022.80;9932.70;11367.00;9894.60;90899K;10.98%
Jul 26. 2020;9932.50;9690.00;10086.60;9645.90;41507K;2.35%
Jul 25. 2020;9704.10;9546.70;9729.30;9536.20;30629K;1.65%
Jul 24. 2020;9546.40;9599.20;9626.20;9480.50;35916K;-0.55%
Jul 23. 2020;9599.60;9513.60;9646.50;9451.10;42566K;0.90%
Jul 22. 2020;9513.70;9387.40;9523.10;9296.00;38600K;1.35%
Jul 21. 2020;9387.30;9162.30;9426.90;9155.10;45899K;2.46%
Jul 20. 2020;9162.40;9208.10;9218.40;9139.90;31298K;-0.50%
Jul 19. 2020;9208.00;9170.10;9224.80;9106.40;26525K;0.41%
Jul 18. 2020;9170.20;9155.80;9198.80;9126.70;27640K;0.16%
Jul 17. 2020;9155.80;9135.40;9181.90;9091.50;31092K;0.22%
Jul 16. 2020;9135.30;9198.70;9224.20;9052.00;42904K;-0.69%
Jul 15. 2020;9198.70;9253.60;9270.20;9168.70;42984K;-0.59%
Jul 14. 2020;9253.40;9243.10;9274.80;9135.70;45383K;0.11%
Jul 13. 2020;9243.60;9300.50;9329.60;9207.60;45687K;-0.62%
Jul 12. 2020;9300.80;9234.20;9337.80;9170.40;36688K;0.73%
Jul 11. 2020;9233.30;9285.80;9295.50;9184.20;35392K;-0.56%
Jul 10. 2020;9285.10;9239.00;9309.80;9131.90;41847K;0.53%
Jul 09. 2020;9235.70;9430.10;9434.50;9176.00;44427K;-2.06%
Jul 08. 2020;9429.90;9256.30;9458.30;9233.10;50994K;1.88%
Jul 07. 2020;9256.00;9338.80;9371.20;9209.30;42055K;-0.89%
Jul 06. 2020;9339.00;9080.40;9363.00;9063.20;51027K;2.84%
Jul 05. 2020;9081.00;9134.30;9149.60;8932.10;31410K;-0.58%
Jul 04. 2020;9134.40;9067.10;9182.30;9049.60;26125K;0.74%
Jul 03. 2020;9067.10;9085.00;9120.40;9050.90;33388K;-0.20%
Jul 02. 2020;9085.10;9229.90;9259.70;8962.10;48310K;-1.57%
Jul 01. 2020;9229.90;9135.90;9289.00;9101.10;36678K;1.03%
Jun 30. 2020;9135.40;9186.00;9199.80;9075.30;38173K;-0.54%
Jun 29. 2020;9185.40;9122.80;9229.10;9033.60;40112K;0.67%
Jun 28. 2020;9124.00;9008.40;9185.50;8950.20;32901K;1.28%
Jun 27. 2020;9008.30;9160.50;9190.50;8865.30;44193K;-1.66%
Jun 26. 2020;9160.00;9247.50;9296.50;9060.10;48984K;-0.95%
Jun 25. 2020;9247.50;9300.80;9327.30;9022.60;52445K;-0.59%
Jun 24. 2020;9302.00;9624.60;9667.40;9223.00;51578K;-3.35%
Jun 23. 2020;9624.60;9683.90;9715.60;9581.80;37549K;-0.61%
Jun 22. 2020;9683.70;9296.50;9751.90;9285.80;52332K;4.17%
Jun 21. 2020;9296.40;9358.80;9411.20;9288.50;33599K;-0.67%
Jun 20. 2020;9358.80;9314.00;9394.50;9199.80;38344K;0.48%
Jun 19. 2020;9314.00;9390.30;9424.00;9249.60;47849K;-0.79%
Jun 18. 2020;9388.10;9464.60;9480.40;9289.30;39167K;-0.81%
Jun 17. 2020;9464.60;9523.60;9543.60;9258.20;44645K;-0.62%
Jun 16. 2020;9523.50;9425.60;9577.10;9379.30;54547K;1.04%
Jun 15. 2020;9425.40;9345.50;9489.70;8925.60;75090K;0.86%
Jun 14. 2020;9345.30;9470.70;9474.70;9264.40;31127K;-1.33%
Jun 13. 2020;9471.30;9466.50;9484.90;9369.90;36497K;0.05%
Jun 12. 2020;9466.60;9283.70;9547.50;9249.40;52928K;1.97%
Jun 11. 2020;9283.20;9878.90;9945.20;9139.10;91930K;-6.03%
Jun 10. 2020;9878.80;9768.80;9970.90;9710.70;53355K;1.13%
Jun 09. 2020;9768.80;9777.70;9857.20;9616.60;47955K;-0.09%
Jun 08. 2020;9777.90;9743.40;9788.20;9662.30;43104K;0.36%
Jun 07. 2020;9742.60;9669.60;9791.80;9417.40;54920K;0.76%
Jun 06. 2020;9669.60;9630.80;9733.10;9549.50;37085K;0.40%
Jun 05. 2020;9631.20;9794.00;9846.10;9628.70;52705K;-1.67%
Jun 04. 2020;9794.40;9667.20;9864.40;9490.90;59366K;1.32%
Jun 03. 2020;9667.20;9527.00;9667.20;9421.70;55812K;1.47%
Jun 02. 2020;9527.60;10190.70;10207.30;9347.30;106M;-6.49%
Jun 01. 2020;10189.30;9454.50;10301.80;9429.70;79668K;7.77%
May 31. 2020;9454.80;9692.90;9695.60;9406.20;64527K;-2.45%
May 30. 2020;9692.50;9424.80;9729.90;9352.70;72062K;2.84%
May 29. 2020;9424.80;9573.40;9596.50;9358.10;81433K;-1.54%
May 28. 2020;9572.20;9199.80;9610.80;9119.20;94886K;4.06%
May 27. 2020;9199.10;8842.30;9210.90;8818.60;81089K;4.03%
May 26. 2020;8842.50;8897.70;8994.60;8713.90;78492K;-0.63%
May 25. 2020;8898.20;8728.00;8959.50;8666.10;94189K;1.95%
May 24. 2020;8728.20;9177.90;9292.00;8724.10;111M;-4.89%
May 23. 2020;9177.00;9169.80;9303.20;9098.90;81256K;0.08%
May 22. 2020;9169.70;9058.20;9253.50;8952.10;91459K;1.22%
May 21. 2020;9059.00;9511.60;9567.10;8833.60;141M;-4.76%
May 20. 2020;9512.30;9773.00;9829.30;9368.40;115M;-2.67%
May 19. 2020;9773.30;9730.80;9883.90;9498.70;116M;0.44%
May 18. 2020;9730.70;9678.40;9930.20;9524.40;118M;0.55%
May 17. 2020;9677.70;9376.60;9866.00;9327.80;118M;3.18%
May 16. 2020;9379.50;9318.10;9579.00;9233.00;110M;0.66%
May 15. 2020;9318.00;9778.60;9819.60;9223.20;156M;-4.71%
May 14. 2020;9778.40;9298.70;9887.50;9265.80;177M;5.16%
May 13. 2020;9298.70;8813.90;9384.60;8799.10;150M;5.50%
May 12. 2020;8813.80;8569.80;8964.50;8542.80;135M;2.73%
May 11. 2020;8579.80;8737.60;9129.60;8235.60;229M;-1.82%
May 10. 2020;8738.80;9553.90;9569.40;8259.30;247M;-8.54%
May 09. 2020;9554.60;9806.00;9910.50;9533.60;149M;-2.57%
May 08. 2020;9806.20;9980.10;10018.20;9731.40;142M;-1.74%
May 07. 2020;9979.80;9152.70;10033.00;9064.80;191M;9.05%
May 06. 2020;9151.40;9000.60;9373.70;8923.60;162M;1.67%
May 05. 2020;9001.00;8874.20;9078.70;8800.40;105M;1.42%
May 04. 2020;8874.70;8885.50;8945.50;8553.20;112M;-0.12%
May 03. 2020;8885.50;8966.20;9169.90;8742.20;115M;-0.90%
May 02. 2020;8966.30;8821.60;8986.20;8771.30;89034K;1.64%
May 01. 2020;8821.60;8628.60;9040.30;8621.00;111M;2.23%
Apr 30. 2020;8629.00;8770.60;9437.50;8425.50;204M;-1.62%
Apr 29. 2020;8770.90;7746.70;8918.50;7729.70;183M;13.22%
Apr 28. 2020;7746.90;7766.00;7770.10;7655.30;80809K;-0.25%
Apr 27. 2020;7766.00;7679.40;7768.50;7637.70;98050K;1.13%
Apr 26. 2020;7678.90;7540.40;7679.40;7520.50;92159K;1.84%
Apr 25. 2020;7540.40;7503.90;7684.60;7451.00;86193K;0.49%
Apr 24. 2020;7503.80;7491.30;7583.50;7423.50;95195K;0.20%
Apr 23. 2020;7488.50;7112.80;7655.40;7036.50;134M;5.28%
Apr 22. 2020;7112.90;6842.50;7137.40;6821.80;91418K;3.95%
Apr 21. 2020;6842.50;6833.40;6919.30;6774.30;89257K;0.13%
Apr 20. 2020;6833.50;7122.90;7207.50;6771.20;126M;-4.06%
Apr 19. 2020;7122.90;7230.90;7238.00;7079.10;593M;-1.49%
Apr 18. 2020;7230.80;7035.90;7259.40;7031.50;79645K;2.77%
Apr 17. 2020;7035.80;7085.50;7142.80;7005.80;81010K;-0.70%
Apr 16. 2020;7085.60;6629.10;7159.70;6520.50;154M;6.89%
Apr 15. 2020;6629.10;6851.30;6929.50;6615.90;100M;-3.24%
Apr 14. 2020;6850.90;6841.80;6970.80;6768.60;99953K;0.14%
Apr 13. 2020;6841.30;6918.10;6920.30;6618.50;125M;-1.10%
Apr 12. 2020;6917.60;6867.90;7158.80;6785.10;110M;0.73%
Apr 11. 2020;6867.80;6862.70;6931.40;6765.10;84558K;0.07%
Apr 10. 2020;6863.10;7289.00;7294.40;6756.10;137M;-5.84%
Apr 09. 2020;7289.00;7361.10;7361.10;7140.30;96355K;-0.98%
Apr 08. 2020;7361.20;7185.60;7396.10;7153.10;98394K;2.45%
Apr 07. 2020;7185.20;7332.30;7440.30;7101.70;132M;-2.01%
Apr 06. 2020;7332.30;6772.80;7335.00;6770.10;153M;8.26%
Apr 05. 2020;6772.70;6857.50;6889.40;6686.00;84233K;-1.23%
Apr 04. 2020;6857.40;6735.90;6958.60;6679.10;105M;1.80%
Apr 03. 2020;6735.90;6799.90;7026.30;6623.60;135M;-0.95%
Apr 02. 2020;6800.50;6638.80;7182.70;6567.90;174M;2.44%
Apr 01. 2020;6638.50;6412.40;6661.30;6157.40;140M;3.52%
Mar 31. 2020;6412.50;6391.10;6513.10;6346.30;105M;0.34%
Mar 30. 2020;6391.00;5890.40;6576.50;5872.50;143M;8.50%
Mar 29. 2020;5890.40;6233.20;6258.80;5889.30;91617K;-5.51%
Mar 28. 2020;6233.70;6373.40;6374.30;6046.50;126M;-2.19%
Mar 27. 2020;6373.40;6725.50;6813.70;6322.30;116M;-5.23%
Mar 26. 2020;6725.10;6677.90;6772.90;6541.70;118M;0.69%
Mar 25. 2020;6678.90;6744.80;6930.20;6474.60;152M;-0.97%
Mar 24. 2020;6744.60;6468.80;6814.20;6380.80;173M;4.26%
Mar 23. 2020;6468.90;5822.00;6564.70;5710.80;188M;11.11%
Mar 22. 2020;5822.10;6186.90;6394.40;5771.20;148M;-5.89%
Mar 21. 2020;6186.20;6205.60;6438.30;5887.00;164M;-0.31%
Mar 20. 2020;6205.30;6171.60;6858.10;5748.20;222M;0.54%
Mar 19. 2020;6172.00;5359.20;6379.50;5256.00;218M;15.12%
Mar 18. 2020;5361.40;5260.70;5373.10;5020.90;180M;1.91%
Mar 17. 2020;5261.10;5030.20;5432.80;4946.50;189M;4.59%
Mar 16. 2020;5030.00;5366.40;5369.30;4477.70;255M;-6.27%
Mar 15. 2020;5366.30;5182.90;5863.30;5120.60;161M;3.54%
Mar 14. 2020;5182.70;5589.40;5634.90;5072.20;169M;-7.19%
Mar 13. 2020;5584.30;4815.20;5934.30;3869.50;417M;15.71%
